{"stat.useItem.minecraft.splash_potion":319,"stat.useItem.minecraft.painting":7,"stat.leaveGame":3,"stat.useItem.minecraft.bookshelf":15,"stat.useItem.minecraft.skull":1,"stat.useItem.minecraft.carpet":10,"stat.useItem.minecraft.potion":6,"stat.useItem.minecraft.glowstone":16,"stat.useItem.minecraft.flower_pot":33,"stat.jump":150,"stat.useItem.minecraft.iron_trapdoor":30,"stat.swimOneCm":101,"stat.useItem.minecraft.planks":38,"stat.crouchOneCm":1598,"stat.craftItem.minecraft.banner":72,"stat.craftingTableInteraction":23,"stat.pickup.minecraft.milk_bucket":1,"stat.useItem.minecraft.dark_oak_fence":52,"stat.pickup.minecraft.dye":64,"stat.useItem.minecraft.anvil":3,"stat.flyOneCm":1164108,"stat.timeSinceDeath":135261,"stat.useItem.minecraft.crafting_table":6,"stat.useItem.minecraft.wooden_slab":4,"stat.flowerPotted":9,"stat.walkOneCm":25860,"stat.useItem.minecraft.torch":47,"stat.useItem.minecraft.log":62,"stat.useItem.minecraft.cobblestone":2,"stat.useItem.minecraft.dark_oak_stairs":50,"stat.useItem.minecraft.item_frame":83,"stat.useItem.minecraft.sea_lantern":7,"stat.useItem.minecraft.milk_bucket":2,"stat.useItem.minecraft.trapdoor":58,"stat.sprintOneCm":22157,"stat.useItem.minecraft.stained_glass":8,"stat.useItem.minecraft.fence":5,"stat.pickup.minecraft.banner":1,"stat.useItem.minecraft.stone_slab":13,"stat.useItem.minecraft.iron_block":4,"stat.useItem.minecraft.cobblestone_wall":61,"stat.playOneMinute":135261,"stat.useItem.minecraft.banner":5,"stat.pickup.minecraft.red_flower":1,"stat.sneakTime":3992}