{"stat.flowerPotted":17,"stat.chestOpened":8,"stat.walkOneCm":422843,"stat.useItem.minecraft.torch":67,"stat.useItem.minecraft.painting":3,"stat.useItem.minecraft.chest":92,"stat.useItem.minecraft.stone":29,"stat.leaveGame":4,"stat.useItem.minecraft.log":77,"stat.useItem.minecraft.bookshelf":405,"stat.useItem.minecraft.skull":17,"stat.useItem.minecraft.dark_oak_stairs":113,"stat.useItem.minecraft.carpet":251,"stat.pickup.minecraft.flower_pot":1,"stat.useItem.minecraft.glowstone":75,"stat.useItem.minecraft.flower_pot":4,"stat.jump":538,"stat.swimOneCm":115,"stat.useItem.minecraft.planks":374,"stat.useItem.minecraft.item_frame":7,"stat.useItem.minecraft.end_rod":20,"stat.crouchOneCm":57,"stat.pickup.minecraft.painting":1,"stat.useItem.minecraft.leaves":7,"stat.sprintOneCm":136200,"stat.useItem.minecraft.stone_slab2":2,"stat.pickup.minecraft.banner":12,"stat.useItem.minecraft.dark_oak_door":4,"stat.useItem.minecraft.dark_oak_fence":88,"stat.useItem.minecraft.stone_pressure_plate":1,"stat.useItem.minecraft.wooden_pressure_plate":10,"stat.pickup.minecraft.planks":1,"stat.useItem.minecraft.anvil":2,"stat.flyOneCm":1315360,"stat.playOneMinute":147985,"stat.useItem.minecraft.banner":36,"stat.pickup.minecraft.red_flower":2,"stat.sneakTime":557,"stat.timeSinceDeath":147985,"stat.useItem.minecraft.wooden_slab":221}