{"stat.flowerPotted":1,"stat.useItem.minecraft.splash_potion":51,"stat.walkOneCm":56880,"stat.useItem.minecraft.torch":10,"stat.useItem.minecraft.painting":12,"stat.leaveGame":7,"stat.useItem.minecraft.log":57,"stat.useItem.minecraft.bookshelf":13,"stat.useItem.minecraft.dark_oak_stairs":35,"stat.useItem.minecraft.carpet":896,"stat.useItem.minecraft.glowstone":74,"stat.useItem.minecraft.flower_pot":24,"stat.jump":77,"stat.useItem.minecraft.planks":167,"stat.useItem.minecraft.item_frame":12,"stat.crouchOneCm":2641,"stat.useItem.minecraft.leaves":6,"stat.sprintOneCm":14609,"stat.craftingTableInteraction":1,"stat.useItem.minecraft.leaves2":4,"stat.useItem.minecraft.anvil":2,"stat.flyOneCm":345490,"stat.playOneMinute":59868,"stat.sneakTime":2146,"stat.timeSinceDeath":59868,"stat.useItem.minecraft.sign":4,"stat.useItem.minecraft.wooden_slab":71}