{"stat.flowerPotted":2,"stat.walkOneCm":11091,"stat.useItem.minecraft.painting":4,"stat.leaveGame":1,"stat.useItem.minecraft.leaves2":4,"stat.useItem.minecraft.bookshelf":4,"stat.useItem.minecraft.carpet":47,"stat.flyOneCm":17663,"stat.useItem.minecraft.flower_pot":1,"stat.jump":17,"stat.playOneMinute":5812,"stat.useItem.minecraft.planks":43,"stat.sneakTime":200,"stat.crouchOneCm":510,"stat.timeSinceDeath":5812,"stat.pickup.minecraft.painting":1,"stat.sprintOneCm":2088,"stat.useItem.minecraft.sign":7}