{
  "minecraft:recipes/decorations/crafting_table": {
    "criteria": {
      "has_planks": "2020-02-02 09:25:01 +0100"
    },
    "done": true
  },
  "minecraft:recipes/redstone/wooden_button": {
    "criteria": {
      "has_planks": "2020-02-02 09:25:01 +0100"
    },
    "done": true
  },
  "minecraft:recipes/building_blocks/spruce_planks": {
    "criteria": {
      "has_log": "2020-02-02 09:43:37 +0100"
    },
    "done": true
  },
  "minecraft:recipes/redstone/trapdoor": {
    "criteria": {
      "has_planks": "2020-02-02 09:25:01 +0100"
    },
    "done": true
  },
  "minecraft:recipes/decorations/chest": {
    "criteria": {
      "has_lots_of_items": "2020-02-02 09:51:21 +0100"
    },
    "done": true
  },
  "minecraft:recipes/decorations/dark_oak_fence": {
    "criteria": {
      "has_planks": "2020-02-02 09:25:01 +0100"
    },
    "done": true
  },
  "minecraft:recipes/building_blocks/dark_oak_stairs": {
    "criteria": {
      "has_planks": "2020-02-02 09:25:01 +0100"
    },
    "done": true
  },
  "minecraft:recipes/misc/light_blue_dye_from_blue_orchid": {
    "criteria": {
      "has_red_flower": "2020-02-02 09:27:18 +0100"
    },
    "done": true
  },
  "minecraft:recipes/redstone/dark_oak_door": {
    "criteria": {
      "has_planks": "2020-02-02 09:25:01 +0100"
    },
    "done": true
  },
  "minecraft:recipes/redstone/wooden_pressure_plate": {
    "criteria": {
      "has_planks": "2020-02-02 09:25:01 +0100"
    },
    "done": true
  },
  "minecraft:recipes/misc/stick": {
    "criteria": {
      "has_planks": "2020-02-02 09:25:01 +0100"
    },
    "done": true
  },
  "minecraft:recipes/redstone/redstone_lamp": {
    "criteria": {
      "has_glowstone": "2020-02-02 09:30:02 +0100"
    },
    "done": true
  },
  "minecraft:recipes/decorations/sign": {
    "criteria": {
      "has_planks": "2020-02-02 09:25:01 +0100"
    },
    "done": true
  },
  "minecraft:recipes/redstone/dark_oak_fence_gate": {
    "criteria": {
      "has_planks": "2020-02-02 09:25:01 +0100"
    },
    "done": true
  },
  "minecraft:recipes/building_blocks/dark_oak_wooden_slab": {
    "criteria": {
      "has_planks": "2020-02-02 09:25:01 +0100"
    },
    "done": true
  }
}