{"stat.pickup.minecraft.record_11":1,"stat.useItem.minecraft.splash_potion":104,"stat.walkOneCm":236663,"stat.pickup.minecraft.lingering_potion":1,"stat.recordPlayed":1,"stat.useItem.minecraft.record_11":1,"stat.pickup.minecraft.redstone_torch":3,"stat.useItem.minecraft.stone":15,"stat.leaveGame":1,"stat.useItem.minecraft.log":2,"stat.useItem.minecraft.skull":7,"stat.useItem.minecraft.dark_oak_stairs":24,"stat.useItem.minecraft.potion":21,"stat.useItem.minecraft.glowstone":4,"stat.jump":331,"stat.swimOneCm":109,"stat.useItem.minecraft.planks":68,"stat.useItem.minecraft.redstone":380,"stat.crouchOneCm":117,"stat.useItem.minecraft.trapdoor":20,"stat.useItem.minecraft.leaves":12,"stat.sprintOneCm":12229,"stat.useItem.minecraft.redstone_ore":121,"stat.useItem.minecraft.water_bucket":8,"stat.craftingTableInteraction":1,"stat.useItem.minecraft.leaves2":7,"stat.useItem.minecraft.dark_oak_fence":38,"stat.useItem.minecraft.lingering_potion":310,"stat.useItem.minecraft.bucket":1,"stat.flyOneCm":1001337,"stat.useItem.minecraft.ender_pearl":1,"stat.useItem.minecraft.cobblestone_wall":29,"stat.playOneMinute":194799,"stat.sneakTime":1036,"stat.pickup.minecraft.redstone":3,"stat.timeSinceDeath":194799,"stat.useItem.minecraft.sign":2,"stat.useItem.minecraft.jukebox":1,"stat.useItem.minecraft.wooden_slab":13,"stat.diveOneCm":1114}