{"stat.flowerPotted":31,"stat.chestOpened":6,"stat.useItem.minecraft.splash_potion":2,"stat.walkOneCm":42630,"stat.useItem.minecraft.torch":5,"stat.pickup.minecraft.milk_bucket":1,"stat.pickup.minecraft.redstone_torch":1,"stat.leaveGame":2,"stat.useItem.minecraft.leaves2":7,"stat.useItem.minecraft.log":31,"stat.useItem.minecraft.dark_oak_fence":1,"stat.useItem.minecraft.bookshelf":6,"stat.pickup.minecraft.carpet":3,"stat.useItem.minecraft.dark_oak_stairs":8,"stat.useItem.minecraft.carpet":181,"stat.flyOneCm":578450,"stat.useItem.minecraft.flower_pot":9,"stat.jump":220,"stat.swimOneCm":151,"stat.playOneMinute":73157,"stat.useItem.minecraft.planks":37,"stat.useItem.minecraft.redstone":4,"stat.sneakTime":6545,"stat.crouchOneCm":4296,"stat.timeSinceDeath":73157,"stat.useItem.minecraft.stained_glass":6,"stat.sprintOneCm":4325,"stat.useItem.minecraft.wooden_slab":78,"stat.useItem.minecraft.redstone_ore":15,"stat.craftingTableInteraction":1}