{"stat.flowerPotted":34,"stat.chestOpened":1,"stat.useItem.minecraft.splash_potion":21,"stat.walkOneCm":158630,"stat.useItem.minecraft.stone_slab":2,"stat.useItem.minecraft.torch":1,"stat.useItem.minecraft.painting":8,"stat.leaveGame":3,"stat.useItem.minecraft.log":18,"stat.useItem.minecraft.dark_oak_fence":26,"stat.useItem.minecraft.bookshelf":119,"stat.pickup.minecraft.wooden_pressure_plate":1,"stat.useItem.minecraft.skull":6,"stat.useItem.minecraft.dark_oak_stairs":116,"stat.useItem.minecraft.wooden_pressure_plate":1,"stat.useItem.minecraft.armor_stand":2,"stat.useItem.minecraft.carpet":409,"stat.useItem.minecraft.glowstone":4,"stat.flyOneCm":1042819,"stat.useItem.minecraft.cobblestone_wall":7,"stat.useItem.minecraft.flower_pot":8,"stat.jump":96,"stat.playOneMinute":126899,"stat.useItem.minecraft.planks":107,"stat.useItem.minecraft.redstone_block":1,"stat.useItem.minecraft.sea_lantern":14,"stat.sneakTime":3520,"stat.useItem.minecraft.enchanting_table":1,"stat.useItem.minecraft.spruce_stairs":2,"stat.crouchOneCm":980,"stat.timeSinceDeath":126899,"stat.useItem.minecraft.spruce_fence":4,"stat.useItem.minecraft.leaves":17,"stat.sprintOneCm":8784,"stat.useItem.minecraft.wooden_slab":16}