{"stat.flowerPotted":3,"stat.chestOpened":2,"stat.pickup.minecraft.record_11":2,"stat.walkOneCm":36623,"stat.pickup.minecraft.golden_apple":1,"stat.recordPlayed":2,"stat.useItem.minecraft.record_11":2,"stat.leaveGame":6,"stat.useItem.minecraft.bookshelf":2,"stat.pickup.minecraft.carpet":5,"stat.useItem.minecraft.skull":9,"stat.useItem.minecraft.dark_oak_stairs":4,"stat.pickup.minecraft.flower_pot":1,"stat.useItem.minecraft.carpet":502,"stat.useItem.minecraft.glowstone":11,"stat.flyOneCm":482549,"stat.useItem.minecraft.flower_pot":5,"stat.jump":187,"stat.swimOneCm":51,"stat.playOneMinute":56094,"stat.useItem.minecraft.planks":36,"stat.useItem.minecraft.banner":3,"stat.useItem.minecraft.end_rod":18,"stat.sneakTime":2263,"stat.useItem.minecraft.spruce_stairs":1,"stat.crouchOneCm":2374,"stat.timeSinceDeath":56094,"stat.craftItem.minecraft.banner":1,"stat.sprintOneCm":32091,"stat.useItem.minecraft.jukebox":6,"stat.useItem.minecraft.crafting_table":2,"stat.useItem.minecraft.wooden_slab":25,"stat.craftingTableInteraction":1}